Workbook

Sheet Minor + Major Investment
G5: CORPUS AMOUNT CALCULATION | N5: PENSION TO | O5: =H6 -> 0
G6: NAME OF THE CHILD | N6: INFALTION
G7: CURRENT AGE | H7: 0 | N7: RETURN
G8: MONTHLY INVESTMENT | N8: ABSOLUTE RETURN | O8: =(1+O7)/(1+O6)-1 -> 0
G9: TIME LEFT TO RETIRE | H9: =60-H7 -> 60 | N9: END CORPUS | O9: =H11 -> #NUM!
G10: EXPECTED RETURN | N10: PENSION FOR THE TERM
G11: END CORPUS | H11: =FV(NOMINAL(H10,12)/12,H9*12,-H8,0) -> #NUM! | N11: MONTHLY PENSION | O11: =-PMT(NOMINAL(O8,12)/12,O10*12,O9,0) -> #NUM!
G12: TOTAL INVESTED AMOUNT | H12: =H8*H9*12 -> 0 | N12: TIME LEFT TO RETIRE | O12: =H9 -> 60
G13: TOTAL GAINS | H13: =H11-H12 -> #NUM! | N13: PRESENT VALUE | O13: =-PV(O6,O12,0,O11) -> #NUM!

Sheet One time gift
N6: EXPECTED RETURN | O6: 0.1
K7: MONTH | L7: VALUE IN THE BEGINNING | M7: MONTHLY INVESTMENT | N7: LEFTOUT TO INVEST | O7: RETURN ON INVETMENT | P7: VALUE AT THE END
K8: 1 | L8: =PV(NOMINAL($O$6,12)/12,60*12,-'Minor + Major Investment'!H8,0,1) -> 0 | M8: =-'Minor + Major Investment'!H8 -> 0 | N8: =L8+M8 -> 0 | O8: =N8*NOMINAL($O$6,12)/12 -> 0 | P8: =N8+O8 -> 0
K9: 2 | L9: =P8 -> 0 | M9: =M8 -> 0 | N9: =L9+M9 -> 0 | O9: =N9*NOMINAL($O$6,12)/12 -> 0 | P9: =N9+O9 -> 0
K10: 3 | L10: =P9 -> 0 | M10: =M9 -> 0 | N10: =L10+M10 -> 0 | O10: =N10*NOMINAL($O$6,12)/12 -> 0 | P10: =N10+O10 -> 0
K11: 4 | L11: =P10 -> 0 | M11: =M10 -> 0 | N11: =L11+M11 -> 0 | O11: =N11*NOMINAL($O$6,12)/12 -> 0 | P11: =N11+O11 -> 0
K12: 5 | L12: =P11 -> 0 | M12: =M11 -> 0 | N12: =L12+M12 -> 0 | O12: =N12*NOMINAL($O$6,12)/12 -> 0 | P12: =N12+O12 -> 0
K13: 6 | L13: =P12 -> 0 | M13: =M12 -> 0 | N13: =L13+M13 -> 0 | O13: =N13*NOMINAL($O$6,12)/12 -> 0 | P13: =N13+O13 -> 0
K14: 7 | L14: =P13 -> 0 | M14: =M13 -> 0 | N14: =L14+M14 -> 0 | O14: =N14*NOMINAL($O$6,12)/12 -> 0 | P14: =N14+O14 -> 0
K15: 8 | L15: =P14 -> 0 | M15: =M14 -> 0 | N15: =L15+M15 -> 0 | O15: =N15*NOMINAL($O$6,12)/12 -> 0 | P15: =N15+O15 -> 0
K16: 9 | L16: =P15 -> 0 | M16: =M15 -> 0 | N16: =L16+M16 -> 0 | O16: =N16*NOMINAL($O$6,12)/12 -> 0 | P16: =N16+O16 -> 0
K17: 10 | L17: =P16 -> 0 | M17: =M16 -> 0 | N17: =L17+M17 -> 0 | O17: =N17*NOMINAL($O$6,12)/12 -> 0 | P17: =N17+O17 -> 0
K18: 11 | L18: =P17 -> 0 | M18: =M17 -> 0 | N18: =L18+M18 -> 0 | O18: =N18*NOMINAL($O$6,12)/12 -> 0 | P18: =N18+O18 -> 0
K19: 12 | L19: =P18 -> 0 | M19: =M18 -> 0 | N19: =L19+M19 -> 0 | O19: =N19*NOMINAL($O$6,12)/12 -> 0 | P19: =N19+O19 -> 0
K20: 13 | L20: =P19 -> 0 | M20: =M19 -> 0 | N20: =L20+M20 -> 0 | O20: =N20*NOMINAL($O$6,12)/12 -> 0 | P20: =N20+O20 -> 0
... K727: 720 | L727: =P726 -> 0 | M727: =M726 -> 0 | N727: =L727+M727 -> 0 | O727: =N727*NOMINAL($O$6,12)/12 -> 0 | P727: =N727+O727 -> 0

Sheet Wealth Creation
G4: INCREMENTAL SIP INVESTMENT CALCULATOR WITH "X%" | T4: INCREMENTAL SIP INVESTMENT CALCULATOR WITH "X" VALUE
G6: PLANNED MONTHLY INVESTMENT | J6: ='Minor + Major Investment'!H8 -> 0 | T6: PLANNED MONTHLY INVESTMENT | W6: =J6 -> 0
G7: NUMBER OF YEARS OF INVESTMENT | J7: ='Minor + Major Investment'!H9 -> 60 | T7: NUMBER OF YEARS OF INVESTMENT | W7: =J7 -> 60
G8: RETURN EXPECTED | J8: ='Minor + Major Investment'!H10 -> 0 | T8: RETURN EXPECTED | W8: =J8 -> 0
G9: EXPECTED ANNUAL INCREMENTAL RATE FOR INVESTMENT | J9: 0.1 | T9: EXPECTED ANNUAL INCREMENTAL INVESTMENT | W9: 0
G10: HOLDING PERIOD | J10: 0 | T10: HOLDING PERIOD | W10: 0
G12: YEAR | H12: BEGINNING VALUE | I12: MONTHLY INVESTMENT | J12: VALUE AT THE END OF THE YEAR | T12: YEAR | U12: BEGINNING VALUE | V12: MONTHLY INVESTMENT | W12: VALUE AT THE END OF THE YEAR
G13: 1 | H13: =IF(G13>0,0, "N A") -> 0 | I13: =IF(G13>0,$J$6, "N A") -> 0 | J13: =IF(G13>0,FV(NOMINAL($J$8,12)/12,12,-I13,-H13,0), "N A") -> #NUM! | T13: 1 | U13: =IF(T13>0,0, "N A") -> 0 | V13: =IF(T13>0,$J$6, "N A") -> 0 | W13: =IF(T13>0,FV(NOMINAL($W$8,12)/12,12,-V13,-U13,0), "N A") -> #NUM!
G14: =IF(G13+1>$J$7+$J$10,"N A",G13+1) -> 2 | H14: =IF(G14= "N A", "N A",J13) -> #NUM! | I14: =IF(G14<=$J$7,I13+I13*$J$9,0) -> 0 | J14: =IF(G14>0,FV(NOMINAL($J$8,12)/12,12,-I14,-H14,0), "N A") -> #NUM! | M14: To support Your Money Purse Channel you can open the demat Account with the links below | T14: =IF(T13+1>$W$7+$W$10,"N A",T13+1) -> 2 | U14: =IF(T14= "N A", "N A",W13) -> #NUM! | V14: =IF(T14<=$W$7,V13+$W$9,0) -> 0 | W14: =IF(T14>0,FV(NOMINAL($W$8,12)/12,12,-V14,-U14,0), "N A") -> #NUM!
G15: =IF(G14+1>$J$7+$J$10,"N A",G14+1) -> 3 | H15: =IF(G15= "N A", "N A",J14) -> #NUM! | I15: =IF(G15<=$J$7,I14+I14*$J$9,0) -> 0 | J15: =IF(G15>0,FV(NOMINAL($J$8,12)/12,12,-I15,-H15,0), "N A") -> #NUM! | M15: ZERODHA | N15: https://zerodha.com/open-account?c=ZM... | T15: =IF(T14+1>$W$7+$W$10,"N A",T14+1) -> 3 | U15: =IF(T15= "N A", "N A",W14) -> #NUM! | V15: =IF(T15<=$W$7,V14+$W$9,0) -> 0 | W15: =IF(T15>0,FV(NOMINAL($W$8,12)/12,12,-V15,-U15,0), "N A") -> #NUM!
G16: =IF(G15+1>$J$7+$J$10,"N A",G15+1) -> 4 | H16: =IF(G16= "N A", "N A",J15) -> #NUM! | I16: =IF(G16<=$J$7,I15+I15*$J$9,0) -> 0 | J16: =IF(G16>0,FV(NOMINAL($J$8,12)/12,12,-I16,-H16,0), "N A") -> #NUM! | M16: UPSTOX | N16: https://tinyurl.com/y8sbw9w8 | T16: =IF(T15+1>$W$7+$W$10,"N A",T15+1) -> 4 | U16: =IF(T16= "N A", "N A",W15) -> #NUM! | V16: =IF(T16<=$W$7,V15+$W$9,0) -> 0 | W16: =IF(T16>0,FV(NOMINAL($W$8,12)/12,12,-V16,-U16,0), "N A") -> #NUM!
G17: =IF(G16+1>$J$7+$J$10,"N A",G16+1) -> 5 | H17: =IF(G17= "N A", "N A",J16) -> #NUM! | I17: =IF(G17<=$J$7,I16+I16*$J$9,0) -> 0 | J17: =IF(G17>0,FV(NOMINAL($J$8,12)/12,12,-I17,-H17,0), "N A") -> #NUM! | M17: ANGEL BROKING | N17: http://tinyurl.com/y3r42a2x | T17: =IF(T16+1>$W$7+$W$10,"N A",T16+1) -> 5 | U17: =IF(T17= "N A", "N A",W16) -> #NUM! | V17: =IF(T17<=$W$7,V16+$W$9,0) -> 0 | W17: =IF(T17>0,FV(NOMINAL($W$8,12)/12,12,-V17,-U17,0), "N A") -> #NUM!
G18: =IF(G17+1>$J$7+$J$10,"N A",G17+1) -> 6 | H18: =IF(G18= "N A", "N A",J17) -> #NUM! | I18: =IF(G18<=$J$7,I17+I17*$J$9,0) -> 0 | J18: =IF(G18>0,FV(NOMINAL($J$8,12)/12,12,-I18,-H18,0), "N A") -> #NUM! | T18: =IF(T17+1>$W$7+$W$10,"N A",T17+1) -> 6 | U18: =IF(T18= "N A", "N A",W17) -> #NUM! | V18: =IF(T18<=$W$7,V17+$W$9,0) -> 0 | W18: =IF(T18>0,FV(NOMINAL($W$8,12)/12,12,-V18,-U18,0), "N A") -> #NUM!
G19: =IF(G18+1>$J$7+$J$10,"N A",G18+1) -> 7 | H19: =IF(G19= "N A", "N A",J18) -> #NUM! | I19: =IF(G19<=$J$7,I18+I18*$J$9,0) -> 0 | J19: =IF(G19>0,FV(NOMINAL($J$8,12)/12,12,-I19,-H19,0), "N A") -> #NUM! | T19: =IF(T18+1>$W$7+$W$10,"N A",T18+1) -> 7 | U19: =IF(T19= "N A", "N A",W18) -> #NUM! | V19: =IF(T19<=$W$7,V18+$W$9,0) -> 0 | W19: =IF(T19>0,FV(NOMINAL($W$8,12)/12,12,-V19,-U19,0), "N A") -> #NUM!
G20: =IF(G19+1>$J$7+$J$10,"N A",G19+1) -> 8 | H20: =IF(G20= "N A", "N A",J19) -> #NUM! | I20: =IF(G20<=$J$7,I19+I19*$J$9,0) -> 0 | J20: =IF(G20>0,FV(NOMINAL($J$8,12)/12,12,-I20,-H20,0), "N A") -> #NUM! | M20: Click In the Link below to Compare Your Term & Health Insurance Plans | T20: =IF(T19+1>$W$7+$W$10,"N A",T19+1) -> 8 | U20: =IF(T20= "N A", "N A",W19) -> #NUM! | V20: =IF(T20<=$W$7,V19+$W$9,0) -> 0 | W20: =IF(T20>0,FV(NOMINAL($W$8,12)/12,12,-V20,-U20,0), "N A") -> #NUM!
G21: =IF(G20+1>$J$7+$J$10,"N A",G20+1) -> 9 | H21: =IF(G21= "N A", "N A",J20) -> #NUM! | I21: =IF(G21<=$J$7,I20+I20*$J$9,0) -> 0 | J21: =IF(G21>0,FV(NOMINAL($J$8,12)/12,12,-I21,-H21,0), "N A") -> #NUM! | M21: Term Plan | N21: https://tinyurl.com/44tp7uor | T21: =IF(T20+1>$W$7+$W$10,"N A",T20+1) -> 9 | U21: =IF(T21= "N A", "N A",W20) -> #NUM! | V21: =IF(T21<=$W$7,V20+$W$9,0) -> 0 | W21: =IF(T21>0,FV(NOMINAL($W$8,12)/12,12,-V21,-U21,0), "N A") -> #NUM!
G22: =IF(G21+1>$J$7+$J$10,"N A",G21+1) -> 10 | H22: =IF(G22= "N A", "N A",J21) -> #NUM! | I22: =IF(G22<=$J$7,I21+I21*$J$9,0) -> 0 | J22: =IF(G22>0,FV(NOMINAL($J$8,12)/12,12,-I22,-H22,0), "N A") -> #NUM! | M22: Health Insurance | N22: https://tinyurl.com/pgc9dcxc | T22: =IF(T21+1>$W$7+$W$10,"N A",T21+1) -> 10 | U22: =IF(T22= "N A", "N A",W21) -> #NUM! | V22: =IF(T22<=$W$7,V21+$W$9,0) -> 0 | W22: =IF(T22>0,FV(NOMINAL($W$8,12)/12,12,-V22,-U22,0), "N A") -> #NUM!
G23: =IF(G22+1>$J$7+$J$10,"N A",G22+1) -> 11 | H23: =IF(G23= "N A", "N A",J22) -> #NUM! | I23: =IF(G23<=$J$7,I22+I22*$J$9,0) -> 0 | J23: =IF(G23>0,FV(NOMINAL($J$8,12)/12,12,-I23,-H23,0), "N A") -> #NUM! | T23: =IF(T22+1>$W$7+$W$10,"N A",T22+1) -> 11 | U23: =IF(T23= "N A", "N A",W22) -> #NUM! | V23: =IF(T23<=$W$7,V22+$W$9,0) -> 0 | W23: =IF(T23>0,FV(NOMINAL($W$8,12)/12,12,-V23,-U23,0), "N A") -> #NUM!
G24: =IF(G23+1>$J$7+$J$10,"N A",G23+1) -> 12 | H24: =IF(G24= "N A", "N A",J23) -> #NUM! | I24: =IF(G24<=$J$7,I23+I23*$J$9,0) -> 0 | J24: =IF(G24>0,FV(NOMINAL($J$8,12)/12,12,-I24,-H24,0), "N A") -> #NUM! | T24: =IF(T23+1>$W$7+$W$10,"N A",T23+1) -> 12 | U24: =IF(T24= "N A", "N A",W23) -> #NUM! | V24: =IF(T24<=$W$7,V23+$W$9,0) -> 0 | W24: =IF(T24>0,FV(NOMINAL($W$8,12)/12,12,-V24,-U24,0), "N A") -> #NUM!
G25: =IF(G24+1>$J$7+$J$10,"N A",G24+1) -> 13 | H25: =IF(G25= "N A", "N A",J24) -> #NUM! | I25: =IF(G25<=$J$7,I24+I24*$J$9,0) -> 0 | J25: =IF(G25>0,FV(NOMINAL($J$8,12)/12,12,-I25,-H25,0), "N A") -> #NUM! | T25: =IF(T24+1>$W$7+$W$10,"N A",T24+1) -> 13 | U25: =IF(T25= "N A", "N A",W24) -> #NUM! | V25: =IF(T25<=$W$7,V24+$W$9,0) -> 0 | W25: =IF(T25>0,FV(NOMINAL($W$8,12)/12,12,-V25,-U25,0), "N A") -> #NUM!
G26: =IF(G25+1>$J$7+$J$10,"N A",G25+1) -> 14 | H26: =IF(G26= "N A", "N A",J25) -> #NUM! | I26: =IF(G26<=$J$7,I25+I25*$J$9,0) -> 0 | J26: =IF(G26>0,FV(NOMINAL($J$8,12)/12,12,-I26,-H26,0), "N A") -> #NUM! | T26: =IF(T25+1>$W$7+$W$10,"N A",T25+1) -> 14 | U26: =IF(T26= "N A", "N A",W25) -> #NUM! | V26: =IF(T26<=$W$7,V25+$W$9,0) -> 0 | W26: =IF(T26>0,FV(NOMINAL($W$8,12)/12,12,-V26,-U26,0), "N A") -> #NUM!
G27: =IF(G26+1>$J$7+$J$10,"N A",G26+1) -> 15 | H27: =IF(G27= "N A", "N A",J26) -> #NUM! | I27: =IF(G27<=$J$7,I26+I26*$J$9,0) -> 0 | J27: =IF(G27>0,FV(NOMINAL($J$8,12)/12,12,-I27,-H27,0), "N A") -> #NUM! | T27: =IF(T26+1>$W$7+$W$10,"N A",T26+1) -> 15 | U27: =IF(T27= "N A", "N A",W26) -> #NUM! | V27: =IF(T27<=$W$7,V26+$W$9,0) -> 0 | W27: =IF(T27>0,FV(NOMINAL($W$8,12)/12,12,-V27,-U27,0), "N A") -> #NUM!
G28: =IF(G27+1>$J$7+$J$10,"N A",G27+1) -> 16 | H28: =IF(G28= "N A", "N A",J27) -> #NUM! | I28: =IF(G28<=$J$7,I27+I27*$J$9,0) -> 0 | J28: =IF(G28>0,FV(NOMINAL($J$8,12)/12,12,-I28,-H28,0), "N A") -> #NUM! | T28: =IF(T27+1>$W$7+$W$10,"N A",T27+1) -> 16 | U28: =IF(T28= "N A", "N A",W27) -> #NUM! | V28: =IF(T28<=$W$7,V27+$W$9,0) -> 0 | W28: =IF(T28>0,FV(NOMINAL($W$8,12)/12,12,-V28,-U28,0), "N A") -> #NUM!
G29: =IF(G28+1>$J$7+$J$10,"N A",G28+1) -> 17 | H29: =IF(G29= "N A", "N A",J28) -> #NUM! | I29: =IF(G29<=$J$7,I28+I28*$J$9,0) -> 0 | J29: =IF(G29>0,FV(NOMINAL($J$8,12)/12,12,-I29,-H29,0), "N A") -> #NUM! | T29: =IF(T28+1>$W$7+$W$10,"N A",T28+1) -> 17 | U29: =IF(T29= "N A", "N A",W28) -> #NUM! | V29: =IF(T29<=$W$7,V28+$W$9,0) -> 0 | W29: =IF(T29>0,FV(NOMINAL($W$8,12)/12,12,-V29,-U29,0), "N A") -> #NUM!
G30: =IF(G29+1>$J$7+$J$10,"N A",G29+1) -> 18 | H30: =IF(G30= "N A", "N A",J29) -> #NUM! | I30: =IF(G30<=$J$7,I29+I29*$J$9,0) -> 0 | J30: =IF(G30>0,FV(NOMINAL($J$8,12)/12,12,-I30,-H30,0), "N A") -> #NUM! | T30: =IF(T29+1>$W$7+$W$10,"N A",T29+1) -> 18 | U30: =IF(T30= "N A", "N A",W29) -> #NUM! | V30: =IF(T30<=$W$7,V29+$W$9,0) -> 0 | W30: =IF(T30>0,FV(NOMINAL($W$8,12)/12,12,-V30,-U30,0), "N A") -> #NUM!
G31: =IF(G30+1>$J$7+$J$10,"N A",G30+1) -> 19 | H31: =IF(G31= "N A", "N A",J30) -> #NUM! | I31: =IF(G31<=$J$7,I30+I30*$J$9,0) -> 0 | J31: =IF(G31>0,FV(NOMINAL($J$8,12)/12,12,-I31,-H31,0), "N A") -> #NUM! | T31: =IF(T30+1>$W$7+$W$10,"N A",T30+1) -> 19 | U31: =IF(T31= "N A", "N A",W30) -> #NUM! | V31: =IF(T31<=$W$7,V30+$W$9,0) -> 0 | W31: =IF(T31>0,FV(NOMINAL($W$8,12)/12,12,-V31,-U31,0), "N A") -> #NUM!
G32: =IF(G31+1>$J$7+$J$10,"N A",G31+1) -> 20 | H32: =IF(G32= "N A", "N A",J31) -> #NUM! | I32: =IF(G32<=$J$7,I31+I31*$J$9,0) -> 0 | J32: =IF(G32>0,FV(NOMINAL($J$8,12)/12,12,-I32,-H32,0), "N A") -> #NUM! | T32: =IF(T31+1>$W$7+$W$10,"N A",T31+1) -> 20 | U32: =IF(T32= "N A", "N A",W31) -> #NUM! | V32: =IF(T32<=$W$7,V31+$W$9,0) -> 0 | W32: =IF(T32>0,FV(NOMINAL($W$8,12)/12,12,-V32,-U32,0), "N A") -> #NUM!
G33: =IF(G32+1>$J$7+$J$10,"N A",G32+1) -> 21 | H33: =IF(G33= "N A", "N A",J32) -> #NUM! | I33: =IF(G33<=$J$7,I32+I32*$J$9,0) -> 0 | J33: =IF(G33>0,FV(NOMINAL($J$8,12)/12,12,-I33,-H33,0), "N A") -> #NUM! | T33: =IF(T32+1>$W$7+$W$10,"N A",T32+1) -> 21 | U33: =IF(T33= "N A", "N A",W32) -> #NUM! | V33: =IF(T33<=$W$7,V32+$W$9,0) -> 0 | W33: =IF(T33>0,FV(NOMINAL($W$8,12)/12,12,-V33,-U33,0), "N A") -> #NUM!
G34: =IF(G33+1>$J$7+$J$10,"N A",G33+1) -> 22 | H34: =IF(G34= "N A", "N A",J33) -> #NUM! | I34: =IF(G34<=$J$7,I33+I33*$J$9,0) -> 0 | J34: =IF(G34>0,FV(NOMINAL($J$8,12)/12,12,-I34,-H34,0), "N A") -> #NUM! | T34: =IF(T33+1>$W$7+$W$10,"N A",T33+1) -> 22 | U34: =IF(T34= "N A", "N A",W33) -> #NUM! | V34: =IF(T34<=$W$7,V33+$W$9,0) -> 0 | W34: =IF(T34>0,FV(NOMINAL($W$8,12)/12,12,-V34,-U34,0), "N A") -> #NUM!
... G72: =IF(G71+1>$J$7+$J$10,"N A",G71+1) -> 60 | H72: =IF(G72= "N A", "N A",J71) -> #NUM! | I72: =IF(G72<=$J$7,I71+I71*$J$9,0) -> 0 | J72: =IF(G72>0,FV(NOMINAL($J$8,12)/12,12,-I72,-H72,0), "N A") -> #NUM! | T72: =IF(T71+1>$W$7+$W$10,"N A",T71+1) -> 60 | U72: =IF(T72= "N A", "N A",W71) -> #NUM! | V72: =IF(T72<=$W$7,V71+$W$9,0) -> 0 | W72: =IF(T72>0,FV(NOMINAL($W$8,12)/12,12,-V72,-U72,0), "N A") -> #NUM!
